Date,Sales,Moving_Average_3,Moving_Average_7,Moving_Average_14
2025-01-01,1038,,,
2025-01-02,1068,,,
2025-01-03,1114,1073.3333333333333,,
2025-01-04,1184,1122.0,,
2025-01-05,1068,1122.0,,
2025-01-06,1130,1127.3333333333333,,
2025-01-07,1116,1104.6666666666667,1102.5714285714287,
2025-01-08,1110,1118.6666666666667,1112.857142857143,
2025-01-09,1173,1133.0,1127.857142857143,
2025-01-10,1156,1146.3333333333333,1133.857142857143,
2025-01-11,1169,1166.0,1131.7142857142858,
2025-01-12,1072,1132.3333333333333,1132.2857142857142,
2025-01-13,1034,1091.6666666666667,1118.5714285714287,
2025-01-14,1090,1065.3333333333333,1114.857142857143,1108.7142857142858
2025-01-15,982,1035.3333333333333,1096.5714285714287,1104.7142857142858
2025-01-16,1017,1029.6666666666667,1074.2857142857142,1101.0714285714287
2025-01-17,1043,1014.0,1058.142857142857,1096.0
2025-01-18,1017,1025.6666666666667,1036.4285714285713,1084.0714285714287
2025-01-19,863,974.3333333333334,1006.5714285714286,1069.4285714285713
2025-01-20,891,923.6666666666666,986.1428571428571,1052.357142857143
2025-01-21,892,882.0,957.8571428571429,1036.357142857143
2025-01-22,874,885.6666666666666,942.4285714285714,1019.5
2025-01-23,893,886.3333333333334,924.7142857142857,999.5
2025-01-24,980,915.6666666666666,915.7142857142857,986.9285714285714
2025-01-25,989,954.0,911.7142857142857,974.0714285714286
2025-01-26,894,954.3333333333334,916.1428571428571,961.3571428571429
2025-01-27,929,937.3333333333334,921.5714285714286,953.8571428571429
2025-01-28,916,913.0,925.0,941.4285714285714
2025-01-29,990,945.0,941.5714285714286,942.0
2025-01-30,1046,984.0,963.4285714285714,944.0714285714286
2025-01-31,1135,1057.0,985.5714285714286,950.6428571428571
2025-02-01,1156,1112.3333333333333,1009.4285714285714,960.5714285714286
2025-02-02,1004,1098.3333333333333,1025.142857142857,970.6428571428571
2025-02-03,1118,1092.6666666666667,1052.142857142857,986.8571428571429
2025-02-04,1128,1083.3333333333333,1082.4285714285713,1003.7142857142857
2025-02-05,1131,1125.6666666666667,1102.5714285714287,1022.0714285714286
2025-02-06,1170,1143.0,1120.2857142857142,1041.857142857143
2025-02-07,1224,1175.0,1133.0,1059.2857142857142
2025-02-08,1204,1199.3333333333333,1139.857142857143,1074.642857142857
2025-02-09,1085,1171.0,1151.4285714285713,1088.2857142857142
2025-02-10,1121,1136.6666666666667,1151.857142857143,1102.0
2025-02-11,1097,1101.0,1147.4285714285713,1114.9285714285713
2025-02-12,1041,1086.3333333333333,1134.5714285714287,1118.5714285714287
2025-02-13,1035,1057.6666666666667,1115.2857142857142,1117.7857142857142
2025-02-14,1108,1061.3333333333333,1098.7142857142858,1115.857142857143
2025-02-15,1075,1072.6666666666667,1080.2857142857142,1110.0714285714287
2025-02-16,908,1030.3333333333333,1055.0,1103.2142857142858
2025-02-17,964,982.3333333333334,1032.5714285714287,1092.2142857142858
2025-02-18,897,923.0,1004.0,1075.7142857142858
2025-02-19,884,915.0,981.5714285714286,1058.0714285714287
2025-02-20,909,896.6666666666666,963.5714285714286,1039.4285714285713
2025-02-21,989,927.3333333333334,946.5714285714286,1022.6428571428571
2025-02-22,964,954.0,930.7142857142857,1005.5
2025-02-23,838,930.3333333333334,920.7142857142857,987.8571428571429
2025-02-24,928,910.0,915.5714285714286,974.0714285714286
2025-02-25,960,908.6666666666666,924.5714285714286,964.2857142857143
2025-02-26,943,943.6666666666666,933.0,957.2857142857143
2025-02-27,922,941.6666666666666,934.8571428571429,949.2142857142857
2025-02-28,1076,980.3333333333334,947.2857142857143,946.9285714285714
2025-03-01,1131,1043.0,971.1428571428571,950.9285714285714
2025-03-02,983,1063.3333333333333,991.8571428571429,956.2857142857143
2025-03-03,1074,1062.6666666666667,1012.7142857142857,964.1428571428571
2025-03-04,1107,1054.6666666666667,1033.7142857142858,979.1428571428571
2025-03-05,1100,1093.6666666666667,1056.142857142857,994.5714285714286
2025-03-06,1129,1112.0,1085.7142857142858,1010.2857142857143
2025-03-07,1195,1141.3333333333333,1102.7142857142858,1025.0
2025-03-08,1200,1174.6666666666667,1112.5714285714287,1041.857142857143
2025-03-09,1116,1170.3333333333333,1131.5714285714287,1061.7142857142858
2025-03-10,1132,1149.3333333333333,1139.857142857143,1076.2857142857142
2025-03-11,1046,1098.0,1131.142857142857,1082.4285714285713
2025-03-12,1108,1095.3333333333333,1132.2857142857142,1094.2142857142858
2025-03-13,1121,1091.6666666666667,1131.142857142857,1108.4285714285713
2025-03-14,1134,1121.0,1122.4285714285713,1112.5714285714287
2025-03-15,1090,1115.0,1106.7142857142858,1109.642857142857
2025-03-16,972,1065.3333333333333,1086.142857142857,1108.857142857143
2025-03-17,972,1011.3333333333334,1063.2857142857142,1101.5714285714287
2025-03-18,960,968.0,1051.0,1091.0714285714287
2025-03-19,932,954.6666666666666,1025.857142857143,1079.0714285714287
2025-03-20,922,938.0,997.4285714285714,1064.2857142857142
2025-03-21,1015,956.3333333333334,980.4285714285714,1051.4285714285713
2025-03-22,915,950.6666666666666,955.4285714285714,1031.0714285714287
2025-03-23,823,917.6666666666666,934.1428571428571,1010.1428571428571
2025-03-24,896,878.0,923.2857142857143,993.2857142857143
2025-03-25,941,886.6666666666666,920.5714285714286,985.7857142857143
2025-03-26,922,919.6666666666666,919.1428571428571,972.5
2025-03-27,906,923.0,916.8571428571429,957.1428571428571
2025-03-28,1000,942.6666666666666,914.7142857142857,947.5714285714286
2025-03-29,1065,990.3333333333334,936.1428571428571,945.7857142857143
2025-03-30,945,1003.3333333333334,953.5714285714286,943.8571428571429
2025-03-31,974,994.6666666666666,964.7142857142857,944.0
2025-04-01,1010,976.3333333333334,974.5714285714286,947.5714285714286
2025-04-02,1020,1001.3333333333334,988.5714285714286,953.8571428571429
2025-04-03,1109,1046.3333333333333,1017.5714285714286,967.2142857142857
2025-04-04,1160,1096.3333333333333,1040.4285714285713,977.5714285714286
2025-04-05,1217,1162.0,1062.142857142857,999.1428571428571
2025-04-06,1097,1158.0,1083.857142857143,1018.7142857142857
2025-04-07,1128,1147.3333333333333,1105.857142857143,1035.2857142857142
2025-04-08,1162,1129.0,1127.5714285714287,1051.0714285714287
2025-04-09,1137,1142.3333333333333,1144.2857142857142,1066.4285714285713
2025-04-10,1093,1130.6666666666667,1142.0,1079.7857142857142
2025-04-11,1193,1141.0,1146.7142857142858,1093.5714285714287
2025-04-12,1218,1168.0,1146.857142857143,1104.5
2025-04-13,1009,1140.0,1134.2857142857142,1109.0714285714287
2025-04-14,1006,1077.6666666666667,1116.857142857143,1111.357142857143
2025-04-15,1003,1006.0,1094.142857142857,1110.857142857143
2025-04-16,992,1000.3333333333334,1073.4285714285713,1108.857142857143
2025-04-17,947,980.6666666666666,1052.5714285714287,1097.2857142857142
2025-04-18,960,966.3333333333334,1019.2857142857143,1083.0
2025-04-19,996,967.6666666666666,987.5714285714286,1067.2142857142858
2025-04-20,850,935.3333333333334,964.8571428571429,1049.5714285714287
2025-04-21,944,930.0,956.0,1036.4285714285713
2025-04-22,901,898.3333333333334,941.4285714285714,1017.7857142857143
2025-04-23,867,904.0,923.5714285714286,998.5
2025-04-24,900,889.3333333333334,916.8571428571429,984.7142857142857
2025-04-25,953,906.6666666666666,915.8571428571429,967.5714285714286
2025-04-26,1018,957.0,919.0,953.2857142857143
2025-04-27,865,945.3333333333334,921.1428571428571,943.0
2025-04-28,967,950.0,924.4285714285714,940.2142857142857
2025-04-29,958,930.0,932.5714285714286,937.0
2025-04-30,1023,982.6666666666666,954.8571428571429,939.2142857142857
