Product_ID,Total_Sales,Average_Daily_Sales,Current_Inventory,Maximum_Sales,Minimum_Sales,Forecast_Daily_Demand,Forecast_7_Day_Demand,Required_Stock,Stock_Difference,Stock_Status
P003,18239,151.99166666666667,504,193,116,132.57142857142858,928.0000000000001,1113.6000000000001,-609.6000000000001,UNDERSTOCK
P007,16523,137.69166666666666,667,180,100,134.0,938.0,1125.6,-458.5999999999999,UNDERSTOCK
P001,14417,120.14166666666667,797,165,86,116.85714285714286,818.0,981.5999999999999,-184.5999999999999,UNDERSTOCK
P005,13303,110.85833333333333,431,147,72,98.0,686.0,823.1999999999999,-392.19999999999993,UNDERSTOCK
P009,12671,105.59166666666667,561,139,67,93.0,651.0,781.1999999999999,-220.19999999999993,UNDERSTOCK
P002,11544,96.2,584,125,66,92.85714285714286,650.0,780.0,-196.0,UNDERSTOCK
P008,10978,91.48333333333333,515,116,66,84.28571428571429,590.0,708.0,-193.0,UNDERSTOCK
P004,9691,80.75833333333334,343,103,60,76.28571428571429,534.0,640.8,-297.79999999999995,UNDERSTOCK
P006,8613,71.775,405,89,54,71.42857142857143,500.0,600.0,-195.0,UNDERSTOCK
P010,7302,60.85,256,78,47,55.57142857142857,389.0,466.79999999999995,-210.79999999999995,UNDERSTOCK
