Product_ID,Recent_Average,Previous_Average,Change_Percentage,Trend
P001,116.85714285714286,109.28571428571429,6.928104575163396,INCREASING
P002,92.85714285714286,90.57142857142857,2.523659305993698,STABLE
P003,132.57142857142858,133.42857142857142,-0.6423982869378833,STABLE
P004,76.28571428571429,74.28571428571429,2.692307692307692,STABLE
P005,98.0,98.0,0.0,STABLE
P006,71.42857142857143,61.857142857142854,15.473441108545044,INCREASING
P007,134.0,118.71428571428571,12.87605294825512,INCREASING
P008,84.28571428571429,81.28571428571429,3.690685413005272,STABLE
P009,93.0,100.28571428571429,-7.264957264957271,DECREASING
P010,55.57142857142857,55.857142857142854,-0.5115089514066479,STABLE
