Date,Product_ID,Sales,Inventory
2025-01-01,P001,128,724
2025-01-01,P002,89,366
2025-01-01,P003,173,647
2025-01-01,P004,78,295
2025-01-01,P005,115,475
2025-01-01,P006,76,237
2025-01-01,P007,129,572
2025-01-01,P008,88,468
2025-01-01,P009,103,553
2025-01-01,P010,59,262
2025-01-02,P001,120,538
2025-01-02,P002,96,598
2025-01-02,P003,167,692
2025-01-02,P004,102,461
2025-01-02,P005,122,466
2025-01-02,P006,68,230
2025-01-02,P007,137,637
2025-01-02,P008,86,513
2025-01-02,P009,104,390
2025-01-02,P010,66,411
2025-01-03,P001,131,785
2025-01-03,P002,98,406
2025-01-03,P003,160,862
2025-01-03,P004,98,494
2025-01-03,P005,130,726
2025-01-03,P006,89,457
2025-01-03,P007,128,491
2025-01-03,P008,94,514
2025-01-03,P009,120,582
2025-01-03,P010,66,276
2025-01-04,P001,133,816
2025-01-04,P002,116,756
2025-01-04,P003,170,1071
2025-01-04,P004,103,644
2025-01-04,P005,123,502
2025-01-04,P006,89,530
2025-01-04,P007,159,746
2025-01-04,P008,103,453
2025-01-04,P009,122,633
2025-01-04,P010,66,480
2025-01-05,P001,109,474
2025-01-05,P002,101,489
2025-01-05,P003,157,630
2025-01-05,P004,87,367
2025-01-05,P005,127,565
2025-01-05,P006,70,433
2025-01-05,P007,149,649
2025-01-05,P008,92,410
2025-01-05,P009,112,600
2025-01-05,P010,64,253
2025-01-06,P001,123,704
2025-01-06,P002,111,428
2025-01-06,P003,158,978
2025-01-06,P004,87,499
2025-01-06,P005,125,688
2025-01-06,P006,76,462
2025-01-06,P007,153,722
2025-01-06,P008,110,646
2025-01-06,P009,119,660
2025-01-06,P010,68,274
2025-01-07,P001,137,453
2025-01-07,P002,108,553
2025-01-07,P003,154,894
2025-01-07,P004,85,443
2025-01-07,P005,132,739
2025-01-07,P006,73,342
2025-01-07,P007,142,879
2025-01-07,P008,107,568
2025-01-07,P009,118,675
2025-01-07,P010,60,339
2025-01-08,P001,124,803
2025-01-08,P002,105,702
2025-01-08,P003,158,896
2025-01-08,P004,84,414
2025-01-08,P005,125,667
2025-01-08,P006,80,485
2025-01-08,P007,152,886
2025-01-08,P008,107,643
2025-01-08,P009,106,591
2025-01-08,P010,69,441
2025-01-09,P001,139,973
2025-01-09,P002,116,722
2025-01-09,P003,163,785
2025-01-09,P004,90,290
2025-01-09,P005,143,549
2025-01-09,P006,76,278
2025-01-09,P007,145,606
2025-01-09,P008,112,470
2025-01-09,P009,111,414
2025-01-09,P010,78,496
2025-01-10,P001,124,737
2025-01-10,P002,110,344
2025-01-10,P003,185,909
2025-01-10,P004,93,383
2025-01-10,P005,147,822
2025-01-10,P006,86,525
2025-01-10,P007,145,643
2025-01-10,P008,106,477
2025-01-10,P009,98,353
2025-01-10,P010,62,280
2025-01-11,P001,137,639
2025-01-11,P002,112,774
2025-01-11,P003,165,631
2025-01-11,P004,93,491
2025-01-11,P005,130,633
2025-01-11,P006,79,490
2025-01-11,P007,157,1026
2025-01-11,P008,102,463
2025-01-11,P009,119,493
2025-01-11,P010,75,518
2025-01-12,P001,131,595
2025-01-12,P002,102,575
2025-01-12,P003,154,716
2025-01-12,P004,78,537
2025-01-12,P005,111,682
2025-01-12,P006,70,445
2025-01-12,P007,153,683
2025-01-12,P008,91,356
2025-01-12,P009,111,700
2025-01-12,P010,71,387
2025-01-13,P001,116,591
2025-01-13,P002,105,643
2025-01-13,P003,157,541
2025-01-13,P004,71,508
2025-01-13,P005,108,411
2025-01-13,P006,77,347
2025-01-13,P007,144,515
2025-01-13,P008,98,402
2025-01-13,P009,98,526
2025-01-13,P010,60,279
2025-01-14,P001,126,660
2025-01-14,P002,95,466
2025-01-14,P003,158,874
2025-01-14,P004,85,397
2025-01-14,P005,119,480
2025-01-14,P006,72,506
2025-01-14,P007,139,860
2025-01-14,P008,109,625
2025-01-14,P009,126,631
2025-01-14,P010,61,366
2025-01-15,P001,112,524
2025-01-15,P002,103,312
2025-01-15,P003,154,757
2025-01-15,P004,84,374
2025-01-15,P005,98,690
2025-01-15,P006,70,404
2025-01-15,P007,116,798
2025-01-15,P008,92,463
2025-01-15,P009,92,314
2025-01-15,P010,61,409
2025-01-16,P001,117,681
2025-01-16,P002,90,286
2025-01-16,P003,148,640
2025-01-16,P004,85,450
2025-01-16,P005,110,527
2025-01-16,P006,69,480
2025-01-16,P007,154,1014
2025-01-16,P008,80,276
2025-01-16,P009,108,661
2025-01-16,P010,56,185
2025-01-17,P001,133,552
2025-01-17,P002,104,467
2025-01-17,P003,172,810
2025-01-17,P004,88,572
2025-01-17,P005,98,476
2025-01-17,P006,72,339
2025-01-17,P007,125,493
2025-01-17,P008,85,405
2025-01-17,P009,107,627
2025-01-17,P010,59,195
2025-01-18,P001,115,432
2025-01-18,P002,84,378
2025-01-18,P003,174,631
2025-01-18,P004,84,363
2025-01-18,P005,109,636
2025-01-18,P006,66,296
2025-01-18,P007,133,620
2025-01-18,P008,86,406
2025-01-18,P009,110,566
2025-01-18,P010,56,274
2025-01-19,P001,90,396
2025-01-19,P002,82,364
2025-01-19,P003,123,431
2025-01-19,P004,71,430
2025-01-19,P005,96,420
2025-01-19,P006,75,471
2025-01-19,P007,107,458
2025-01-19,P008,89,412
2025-01-19,P009,80,327
2025-01-19,P010,50,174
2025-01-20,P001,102,375
2025-01-20,P002,66,453
2025-01-20,P003,132,810
2025-01-20,P004,73,323
2025-01-20,P005,103,609
2025-01-20,P006,74,386
2025-01-20,P007,114,533
2025-01-20,P008,83,241
2025-01-20,P009,96,383
2025-01-20,P010,48,248
2025-01-21,P001,100,453
2025-01-21,P002,80,474
2025-01-21,P003,139,741
2025-01-21,P004,60,336
2025-01-21,P005,101,614
2025-01-21,P006,65,455
2025-01-21,P007,123,488
2025-01-21,P008,77,445
2025-01-21,P009,95,518
2025-01-21,P010,52,347
2025-01-22,P001,86,380
2025-01-22,P002,92,427
2025-01-22,P003,136,624
2025-01-22,P004,76,412
2025-01-22,P005,84,375
2025-01-22,P006,64,376
2025-01-22,P007,121,488
2025-01-22,P008,71,374
2025-01-22,P009,93,519
2025-01-22,P010,51,337
2025-01-23,P001,103,568
2025-01-23,P002,80,431
2025-01-23,P003,143,852
2025-01-23,P004,60,283
2025-01-23,P005,81,456
2025-01-23,P006,63,442
2025-01-23,P007,120,700
2025-01-23,P008,81,338
2025-01-23,P009,108,569
2025-01-23,P010,54,343
2025-01-24,P001,105,673
2025-01-24,P002,110,538
2025-01-24,P003,142,822
2025-01-24,P004,82,420
2025-01-24,P005,94,485
2025-01-24,P006,59,276
2025-01-24,P007,127,623
2025-01-24,P008,92,416
2025-01-24,P009,116,456
2025-01-24,P010,53,359
2025-01-25,P001,114,384
2025-01-25,P002,92,493
2025-01-25,P003,145,598
2025-01-25,P004,77,320
2025-01-25,P005,106,529
2025-01-25,P006,76,260
2025-01-25,P007,144,488
2025-01-25,P008,89,554
2025-01-25,P009,90,458
2025-01-25,P010,56,219
2025-01-26,P001,114,459
2025-01-26,P002,78,401
2025-01-26,P003,125,702
2025-01-26,P004,68,278
2025-01-26,P005,102,629
2025-01-26,P006,70,248
2025-01-26,P007,124,426
2025-01-26,P008,67,485
2025-01-26,P009,87,414
2025-01-26,P010,59,184
2025-01-27,P001,99,581
2025-01-27,P002,75,454
2025-01-27,P003,133,828
2025-01-27,P004,81,477
2025-01-27,P005,99,424
2025-01-27,P006,77,356
2025-01-27,P007,127,812
2025-01-27,P008,74,323
2025-01-27,P009,99,389
2025-01-27,P010,65,418
2025-01-28,P001,117,660
2025-01-28,P002,83,539
2025-01-28,P003,121,561
2025-01-28,P004,74,401
2025-01-28,P005,99,376
2025-01-28,P006,74,290
2025-01-28,P007,118,753
2025-01-28,P008,86,364
2025-01-28,P009,95,479
2025-01-28,P010,49,324
2025-01-29,P001,117,722
2025-01-29,P002,81,467
2025-01-29,P003,154,704
2025-01-29,P004,67,299
2025-01-29,P005,107,459
2025-01-29,P006,74,426
2025-01-29,P007,138,813
2025-01-29,P008,84,443
2025-01-29,P009,106,437
2025-01-29,P010,62,229
2025-01-30,P001,110,732
2025-01-30,P002,104,624
2025-01-30,P003,161,561
2025-01-30,P004,71,294
2025-01-30,P005,112,487
2025-01-30,P006,69,312
2025-01-30,P007,151,681
2025-01-30,P008,96,525
2025-01-30,P009,106,712
2025-01-30,P010,66,283
2025-01-31,P001,155,934
2025-01-31,P002,92,455
2025-01-31,P003,161,724
2025-01-31,P004,82,302
2025-01-31,P005,121,572
2025-01-31,P006,71,478
2025-01-31,P007,160,1005
2025-01-31,P008,116,438
2025-01-31,P009,118,648
2025-01-31,P010,59,241
2025-02-01,P001,130,737
2025-02-01,P002,104,660
2025-02-01,P003,187,1022
2025-02-01,P004,93,373
2025-02-01,P005,126,605
2025-02-01,P006,75,467
2025-02-01,P007,146,885
2025-02-01,P008,106,590
2025-02-01,P009,117,508
2025-02-01,P010,72,321
2025-02-02,P001,118,723
2025-02-02,P002,71,340
2025-02-02,P003,148,861
2025-02-02,P004,72,460
2025-02-02,P005,118,758
2025-02-02,P006,74,473
2025-02-02,P007,150,850
2025-02-02,P008,88,560
2025-02-02,P009,107,488
2025-02-02,P010,58,365
2025-02-03,P001,131,512
2025-02-03,P002,110,649
2025-02-03,P003,147,824
2025-02-03,P004,97,379
2025-02-03,P005,122,843
2025-02-03,P006,83,465
2025-02-03,P007,142,633
2025-02-03,P008,95,505
2025-02-03,P009,124,390
2025-02-03,P010,67,218
2025-02-04,P001,147,813
2025-02-04,P002,92,581
2025-02-04,P003,148,503
2025-02-04,P004,92,422
2025-02-04,P005,124,655
2025-02-04,P006,76,435
2025-02-04,P007,169,750
2025-02-04,P008,106,436
2025-02-04,P009,105,698
2025-02-04,P010,69,279
2025-02-05,P001,137,815
2025-02-05,P002,109,611
2025-02-05,P003,169,1024
2025-02-05,P004,83,320
2025-02-05,P005,117,552
2025-02-05,P006,74,388
2025-02-05,P007,159,678
2025-02-05,P008,98,363
2025-02-05,P009,113,502
2025-02-05,P010,72,394
2025-02-06,P001,125,526
2025-02-06,P002,125,700
2025-02-06,P003,165,740
2025-02-06,P004,84,384
2025-02-06,P005,114,582
2025-02-06,P006,84,369
2025-02-06,P007,166,634
2025-02-06,P008,114,711
2025-02-06,P009,125,590
2025-02-06,P010,68,443
2025-02-07,P001,165,811
2025-02-07,P002,112,420
2025-02-07,P003,174,1045
2025-02-07,P004,90,507
2025-02-07,P005,133,773
2025-02-07,P006,79,543
2025-02-07,P007,164,677
2025-02-07,P008,105,386
2025-02-07,P009,125,696
2025-02-07,P010,77,403
2025-02-08,P001,133,801
2025-02-08,P002,102,659
2025-02-08,P003,193,1195
2025-02-08,P004,86,431
2025-02-08,P005,145,882
2025-02-08,P006,86,508
2025-02-08,P007,156,974
2025-02-08,P008,111,541
2025-02-08,P009,131,619
2025-02-08,P010,61,331
2025-02-09,P001,124,750
2025-02-09,P002,107,429
2025-02-09,P003,153,995
2025-02-09,P004,75,268
2025-02-09,P005,117,476
2025-02-09,P006,73,359
2025-02-09,P007,159,670
2025-02-09,P008,101,546
2025-02-09,P009,114,616
2025-02-09,P010,62,253
2025-02-10,P001,130,661
2025-02-10,P002,102,601
2025-02-10,P003,164,515
2025-02-10,P004,88,555
2025-02-10,P005,129,525
2025-02-10,P006,71,271
2025-02-10,P007,159,611
2025-02-10,P008,100,457
2025-02-10,P009,113,639
2025-02-10,P010,65,428
2025-02-11,P001,130,509
2025-02-11,P002,103,588
2025-02-11,P003,168,741
2025-02-11,P004,81,455
2025-02-11,P005,117,728
2025-02-11,P006,77,497
2025-02-11,P007,142,675
2025-02-11,P008,104,625
2025-02-11,P009,110,710
2025-02-11,P010,65,187
2025-02-12,P001,115,482
2025-02-12,P002,93,513
2025-02-12,P003,150,574
2025-02-12,P004,85,440
2025-02-12,P005,109,596
2025-02-12,P006,74,410
2025-02-12,P007,127,600
2025-02-12,P008,111,672
2025-02-12,P009,115,766
2025-02-12,P010,62,405
2025-02-13,P001,116,564
2025-02-13,P002,91,363
2025-02-13,P003,156,747
2025-02-13,P004,92,428
2025-02-13,P005,104,412
2025-02-13,P006,66,357
2025-02-13,P007,132,699
2025-02-13,P008,102,522
2025-02-13,P009,109,675
2025-02-13,P010,67,428
2025-02-14,P001,123,629
2025-02-14,P002,111,676
2025-02-14,P003,147,831
2025-02-14,P004,92,417
2025-02-14,P005,113,618
2025-02-14,P006,88,303
2025-02-14,P007,153,652
2025-02-14,P008,106,610
2025-02-14,P009,109,521
2025-02-14,P010,66,258
2025-02-15,P001,119,635
2025-02-15,P002,107,737
2025-02-15,P003,165,778
2025-02-15,P004,77,323
2025-02-15,P005,116,399
2025-02-15,P006,70,386
2025-02-15,P007,146,778
2025-02-15,P008,86,424
2025-02-15,P009,125,629
2025-02-15,P010,64,381
2025-02-16,P001,115,435
2025-02-16,P002,80,391
2025-02-16,P003,128,753
2025-02-16,P004,70,221
2025-02-16,P005,111,568
2025-02-16,P006,60,355
2025-02-16,P007,125,725
2025-02-16,P008,74,303
2025-02-16,P009,80,396
2025-02-16,P010,65,283
2025-02-17,P001,111,752
2025-02-17,P002,85,553
2025-02-17,P003,140,646
2025-02-17,P004,78,368
2025-02-17,P005,101,376
2025-02-17,P006,59,432
2025-02-17,P007,137,553
2025-02-17,P008,101,573
2025-02-17,P009,98,408
2025-02-17,P010,54,160
2025-02-18,P001,110,725
2025-02-18,P002,73,340
2025-02-18,P003,125,672
2025-02-18,P004,76,363
2025-02-18,P005,98,420
2025-02-18,P006,61,219
2025-02-18,P007,116,635
2025-02-18,P008,82,503
2025-02-18,P009,99,485
2025-02-18,P010,57,364
2025-02-19,P001,94,424
2025-02-19,P002,94,523
2025-02-19,P003,127,348
2025-02-19,P004,77,269
2025-02-19,P005,86,311
2025-02-19,P006,57,292
2025-02-19,P007,134,502
2025-02-19,P008,72,321
2025-02-19,P009,93,499
2025-02-19,P010,50,202
2025-02-20,P001,100,598
2025-02-20,P002,72,417
2025-02-20,P003,159,847
2025-02-20,P004,73,422
2025-02-20,P005,98,357
2025-02-20,P006,63,418
2025-02-20,P007,116,438
2025-02-20,P008,74,377
2025-02-20,P009,103,539
2025-02-20,P010,51,176
2025-02-21,P001,126,570
2025-02-21,P002,95,494
2025-02-21,P003,139,733
2025-02-21,P004,80,456
2025-02-21,P005,99,675
2025-02-21,P006,75,503
2025-02-21,P007,134,563
2025-02-21,P008,90,367
2025-02-21,P009,91,360
2025-02-21,P010,60,259
2025-02-22,P001,112,679
2025-02-22,P002,80,512
2025-02-22,P003,141,824
2025-02-22,P004,84,472
2025-02-22,P005,110,490
2025-02-22,P006,68,430
2025-02-22,P007,133,766
2025-02-22,P008,86,458
2025-02-22,P009,102,606
2025-02-22,P010,48,253
2025-02-23,P001,109,605
2025-02-23,P002,76,390
2025-02-23,P003,125,704
2025-02-23,P004,70,343
2025-02-23,P005,83,397
2025-02-23,P006,61,273
2025-02-23,P007,106,702
2025-02-23,P008,66,216
2025-02-23,P009,95,602
2025-02-23,P010,47,183
2025-02-24,P001,110,552
2025-02-24,P002,98,314
2025-02-24,P003,116,733
2025-02-24,P004,73,327
2025-02-24,P005,94,500
2025-02-24,P006,73,463
2025-02-24,P007,132,593
2025-02-24,P008,81,355
2025-02-24,P009,93,526
2025-02-24,P010,58,320
2025-02-25,P001,98,432
2025-02-25,P002,80,328
2025-02-25,P003,155,1032
2025-02-25,P004,74,376
2025-02-25,P005,111,451
2025-02-25,P006,70,313
2025-02-25,P007,143,641
2025-02-25,P008,72,211
2025-02-25,P009,97,356
2025-02-25,P010,60,354
2025-02-26,P001,116,544
2025-02-26,P002,80,297
2025-02-26,P003,139,740
2025-02-26,P004,80,349
2025-02-26,P005,93,547
2025-02-26,P006,67,253
2025-02-26,P007,124,523
2025-02-26,P008,86,357
2025-02-26,P009,105,477
2025-02-26,P010,53,195
2025-02-27,P001,91,449
2025-02-27,P002,92,480
2025-02-27,P003,124,685
2025-02-27,P004,69,381
2025-02-27,P005,109,579
2025-02-27,P006,62,233
2025-02-27,P007,120,694
2025-02-27,P008,93,464
2025-02-27,P009,103,409
2025-02-27,P010,59,293
2025-02-28,P001,116,347
2025-02-28,P002,97,540
2025-02-28,P003,165,691
2025-02-28,P004,93,456
2025-02-28,P005,110,407
2025-02-28,P006,80,374
2025-02-28,P007,146,886
2025-02-28,P008,92,467
2025-02-28,P009,118,601
2025-02-28,P010,59,323
2025-03-01,P001,126,780
2025-03-01,P002,89,531
2025-03-01,P003,184,1128
2025-03-01,P004,91,456
2025-03-01,P005,123,689
2025-03-01,P006,80,480
2025-03-01,P007,142,559
2025-03-01,P008,99,422
2025-03-01,P009,131,449
2025-03-01,P010,66,341
2025-03-02,P001,117,773
2025-03-02,P002,102,465
2025-03-02,P003,145,618
2025-03-02,P004,79,391
2025-03-02,P005,113,435
2025-03-02,P006,64,413
2025-03-02,P007,135,813
2025-03-02,P008,86,435
2025-03-02,P009,85,399
2025-03-02,P010,57,269
2025-03-03,P001,134,531
2025-03-03,P002,95,415
2025-03-03,P003,177,952
2025-03-03,P004,74,496
2025-03-03,P005,119,642
2025-03-03,P006,76,309
2025-03-03,P007,137,559
2025-03-03,P008,91,568
2025-03-03,P009,117,599
2025-03-03,P010,54,228
2025-03-04,P001,133,820
2025-03-04,P002,107,615
2025-03-04,P003,165,900
2025-03-04,P004,79,388
2025-03-04,P005,128,653
2025-03-04,P006,76,289
2025-03-04,P007,139,791
2025-03-04,P008,95,594
2025-03-04,P009,117,664
2025-03-04,P010,68,274
2025-03-05,P001,134,581
2025-03-05,P002,89,459
2025-03-05,P003,151,822
2025-03-05,P004,90,511
2025-03-05,P005,119,693
2025-03-05,P006,77,481
2025-03-05,P007,148,593
2025-03-05,P008,101,435
2025-03-05,P009,123,775
2025-03-05,P010,68,433
2025-03-06,P001,126,660
2025-03-06,P002,112,550
2025-03-06,P003,185,1028
2025-03-06,P004,82,444
2025-03-06,P005,119,557
2025-03-06,P006,80,430
2025-03-06,P007,150,878
2025-03-06,P008,99,447
2025-03-06,P009,111,434
2025-03-06,P010,65,183
2025-03-07,P001,130,566
2025-03-07,P002,113,398
2025-03-07,P003,177,1016
2025-03-07,P004,99,543
2025-03-07,P005,131,520
2025-03-07,P006,79,369
2025-03-07,P007,174,867
2025-03-07,P008,105,466
2025-03-07,P009,111,627
2025-03-07,P010,76,398
2025-03-08,P001,140,604
2025-03-08,P002,116,620
2025-03-08,P003,178,831
2025-03-08,P004,91,421
2025-03-08,P005,132,497
2025-03-08,P006,87,472
2025-03-08,P007,151,854
2025-03-08,P008,110,704
2025-03-08,P009,122,772
2025-03-08,P010,73,257
2025-03-09,P001,129,557
2025-03-09,P002,122,424
2025-03-09,P003,163,697
2025-03-09,P004,91,601
2025-03-09,P005,113,695
2025-03-09,P006,70,367
2025-03-09,P007,160,945
2025-03-09,P008,84,413
2025-03-09,P009,124,630
2025-03-09,P010,60,299
2025-03-10,P001,123,750
2025-03-10,P002,99,337
2025-03-10,P003,183,883
2025-03-10,P004,88,362
2025-03-10,P005,131,666
2025-03-10,P006,89,331
2025-03-10,P007,145,727
2025-03-10,P008,100,378
2025-03-10,P009,116,447
2025-03-10,P010,58,345
2025-03-11,P001,139,725
2025-03-11,P002,93,361
2025-03-11,P003,151,785
2025-03-11,P004,98,598
2025-03-11,P005,106,432
2025-03-11,P006,70,413
2025-03-11,P007,128,701
2025-03-11,P008,98,483
2025-03-11,P009,95,604
2025-03-11,P010,68,390
2025-03-12,P001,119,577
2025-03-12,P002,103,506
2025-03-12,P003,166,865
2025-03-12,P004,85,511
2025-03-12,P005,125,777
2025-03-12,P006,76,443
2025-03-12,P007,159,835
2025-03-12,P008,88,328
2025-03-12,P009,109,604
2025-03-12,P010,78,465
2025-03-13,P001,128,777
2025-03-13,P002,105,728
2025-03-13,P003,158,952
2025-03-13,P004,93,566
2025-03-13,P005,123,544
2025-03-13,P006,86,478
2025-03-13,P007,136,614
2025-03-13,P008,105,434
2025-03-13,P009,120,547
2025-03-13,P010,67,292
2025-03-14,P001,144,819
2025-03-14,P002,112,616
2025-03-14,P003,170,599
2025-03-14,P004,80,231
2025-03-14,P005,118,687
2025-03-14,P006,79,372
2025-03-14,P007,153,867
2025-03-14,P008,101,379
2025-03-14,P009,105,410
2025-03-14,P010,72,428
2025-03-15,P001,141,622
2025-03-15,P002,93,499
2025-03-15,P003,167,775
2025-03-15,P004,83,525
2025-03-15,P005,95,507
2025-03-15,P006,74,418
2025-03-15,P007,158,904
2025-03-15,P008,101,566
2025-03-15,P009,120,497
2025-03-15,P010,58,225
2025-03-16,P001,110,638
2025-03-16,P002,86,373
2025-03-16,P003,140,849
2025-03-16,P004,71,315
2025-03-16,P005,94,534
2025-03-16,P006,73,424
2025-03-16,P007,139,638
2025-03-16,P008,86,480
2025-03-16,P009,113,434
2025-03-16,P010,60,297
2025-03-17,P001,118,526
2025-03-17,P002,94,499
2025-03-17,P003,145,906
2025-03-17,P004,60,293
2025-03-17,P005,102,421
2025-03-17,P006,75,441
2025-03-17,P007,138,633
2025-03-17,P008,86,490
2025-03-17,P009,89,381
2025-03-17,P010,65,321
2025-03-18,P001,103,647
2025-03-18,P002,92,395
2025-03-18,P003,136,515
2025-03-18,P004,65,395
2025-03-18,P005,103,473
2025-03-18,P006,71,279
2025-03-18,P007,128,807
2025-03-18,P008,100,452
2025-03-18,P009,106,565
2025-03-18,P010,56,248
2025-03-19,P001,113,575
2025-03-19,P002,96,563
2025-03-19,P003,141,833
2025-03-19,P004,60,227
2025-03-19,P005,101,514
2025-03-19,P006,61,387
2025-03-19,P007,126,814
2025-03-19,P008,82,316
2025-03-19,P009,94,492
2025-03-19,P010,58,285
2025-03-20,P001,114,577
2025-03-20,P002,78,388
2025-03-20,P003,134,677
2025-03-20,P004,75,301
2025-03-20,P005,93,447
2025-03-20,P006,64,294
2025-03-20,P007,145,541
2025-03-20,P008,88,405
2025-03-20,P009,77,341
2025-03-20,P010,54,174
2025-03-21,P001,112,738
2025-03-21,P002,92,407
2025-03-21,P003,169,574
2025-03-21,P004,78,319
2025-03-21,P005,110,636
2025-03-21,P006,67,329
2025-03-21,P007,138,707
2025-03-21,P008,89,469
2025-03-21,P009,99,349
2025-03-21,P010,61,247
2025-03-22,P001,103,484
2025-03-22,P002,94,384
2025-03-22,P003,138,679
2025-03-22,P004,71,324
2025-03-22,P005,112,718
2025-03-22,P006,59,276
2025-03-22,P007,109,679
2025-03-22,P008,89,344
2025-03-22,P009,90,396
2025-03-22,P010,50,182
2025-03-23,P001,98,650
2025-03-23,P002,69,441
2025-03-23,P003,146,639
2025-03-23,P004,73,451
2025-03-23,P005,91,568
2025-03-23,P006,57,96
2025-03-23,P007,101,469
2025-03-23,P008,73,289
2025-03-23,P009,67,405
2025-03-23,P010,48,306
2025-03-24,P001,112,491
2025-03-24,P002,84,407
2025-03-24,P003,126,486
2025-03-24,P004,75,172
2025-03-24,P005,87,321
2025-03-24,P006,68,444
2025-03-24,P007,100,420
2025-03-24,P008,85,367
2025-03-24,P009,99,576
2025-03-24,P010,60,260
2025-03-25,P001,107,570
2025-03-25,P002,88,439
2025-03-25,P003,141,559
2025-03-25,P004,77,325
2025-03-25,P005,115,654
2025-03-25,P006,68,372
2025-03-25,P007,122,714
2025-03-25,P008,77,483
2025-03-25,P009,88,353
2025-03-25,P010,58,338
2025-03-26,P001,107,523
2025-03-26,P002,89,486
2025-03-26,P003,131,785
2025-03-26,P004,71,317
2025-03-26,P005,106,568
2025-03-26,P006,73,446
2025-03-26,P007,126,629
2025-03-26,P008,73,434
2025-03-26,P009,90,359
2025-03-26,P010,56,362
2025-03-27,P001,116,550
2025-03-27,P002,87,354
2025-03-27,P003,124,611
2025-03-27,P004,81,347
2025-03-27,P005,95,460
2025-03-27,P006,61,275
2025-03-27,P007,125,709
2025-03-27,P008,73,368
2025-03-27,P009,92,409
2025-03-27,P010,52,268
2025-03-28,P001,121,458
2025-03-28,P002,107,576
2025-03-28,P003,128,564
2025-03-28,P004,75,345
2025-03-28,P005,102,518
2025-03-28,P006,71,281
2025-03-28,P007,130,678
2025-03-28,P008,101,484
2025-03-28,P009,112,583
2025-03-28,P010,53,266
2025-03-29,P001,133,854
2025-03-29,P002,96,516
2025-03-29,P003,167,836
2025-03-29,P004,82,339
2025-03-29,P005,118,552
2025-03-29,P006,70,403
2025-03-29,P007,138,514
2025-03-29,P008,95,464
2025-03-29,P009,104,525
2025-03-29,P010,62,328
2025-03-30,P001,100,592
2025-03-30,P002,92,349
2025-03-30,P003,131,537
2025-03-30,P004,86,446
2025-03-30,P005,98,632
2025-03-30,P006,68,424
2025-03-30,P007,127,551
2025-03-30,P008,94,564
2025-03-30,P009,92,426
2025-03-30,P010,57,322
2025-03-31,P001,112,638
2025-03-31,P002,103,527
2025-03-31,P003,134,780
2025-03-31,P004,70,300
2025-03-31,P005,105,542
2025-03-31,P006,66,328
2025-03-31,P007,130,768
2025-03-31,P008,85,319
2025-03-31,P009,112,679
2025-03-31,P010,57,262
2025-04-01,P001,113,537
2025-04-01,P002,81,391
2025-04-01,P003,160,730
2025-04-01,P004,75,322
2025-04-01,P005,111,539
2025-04-01,P006,64,389
2025-04-01,P007,148,919
2025-04-01,P008,89,538
2025-04-01,P009,112,415
2025-04-01,P010,57,249
2025-04-02,P001,135,718
2025-04-02,P002,98,464
2025-04-02,P003,155,772
2025-04-02,P004,75,299
2025-04-02,P005,103,406
2025-04-02,P006,74,400
2025-04-02,P007,124,560
2025-04-02,P008,102,452
2025-04-02,P009,88,538
2025-04-02,P010,66,343
2025-04-03,P001,120,552
2025-04-03,P002,105,400
2025-04-03,P003,171,694
2025-04-03,P004,68,252
2025-04-03,P005,141,715
2025-04-03,P006,69,277
2025-04-03,P007,148,960
2025-04-03,P008,99,504
2025-04-03,P009,122,567
2025-04-03,P010,66,394
2025-04-04,P001,133,618
2025-04-04,P002,110,601
2025-04-04,P003,169,790
2025-04-04,P004,92,651
2025-04-04,P005,113,495
2025-04-04,P006,75,219
2025-04-04,P007,152,773
2025-04-04,P008,115,444
2025-04-04,P009,129,593
2025-04-04,P010,72,327
2025-04-05,P001,147,918
2025-04-05,P002,119,626
2025-04-05,P003,184,952
2025-04-05,P004,91,393
2025-04-05,P005,134,853
2025-04-05,P006,86,527
2025-04-05,P007,163,917
2025-04-05,P008,107,556
2025-04-05,P009,118,498
2025-04-05,P010,68,297
2025-04-06,P001,128,556
2025-04-06,P002,103,460
2025-04-06,P003,167,1025
2025-04-06,P004,91,347
2025-04-06,P005,119,554
2025-04-06,P006,70,366
2025-04-06,P007,149,585
2025-04-06,P008,104,628
2025-04-06,P009,106,422
2025-04-06,P010,60,345
2025-04-07,P001,138,437
2025-04-07,P002,97,647
2025-04-07,P003,164,1047
2025-04-07,P004,87,481
2025-04-07,P005,130,814
2025-04-07,P006,78,283
2025-04-07,P007,151,878
2025-04-07,P008,88,506
2025-04-07,P009,123,765
2025-04-07,P010,72,468
2025-04-08,P001,137,760
2025-04-08,P002,120,540
2025-04-08,P003,174,1038
2025-04-08,P004,88,470
2025-04-08,P005,129,716
2025-04-08,P006,78,405
2025-04-08,P007,140,945
2025-04-08,P008,101,512
2025-04-08,P009,126,599
2025-04-08,P010,69,325
2025-04-09,P001,139,641
2025-04-09,P002,113,472
2025-04-09,P003,186,1153
2025-04-09,P004,83,513
2025-04-09,P005,125,495
2025-04-09,P006,79,448
2025-04-09,P007,145,515
2025-04-09,P008,94,494
2025-04-09,P009,107,676
2025-04-09,P010,66,385
2025-04-10,P001,141,890
2025-04-10,P002,107,527
2025-04-10,P003,159,1014
2025-04-10,P004,91,587
2025-04-10,P005,120,416
2025-04-10,P006,74,335
2025-04-10,P007,144,565
2025-04-10,P008,87,494
2025-04-10,P009,106,403
2025-04-10,P010,64,269
2025-04-11,P001,137,573
2025-04-11,P002,109,507
2025-04-11,P003,176,742
2025-04-11,P004,103,414
2025-04-11,P005,131,623
2025-04-11,P006,74,399
2025-04-11,P007,158,665
2025-04-11,P008,97,458
2025-04-11,P009,139,843
2025-04-11,P010,69,385
2025-04-12,P001,136,589
2025-04-12,P002,123,609
2025-04-12,P003,188,859
2025-04-12,P004,91,450
2025-04-12,P005,141,536
2025-04-12,P006,82,379
2025-04-12,P007,180,748
2025-04-12,P008,89,523
2025-04-12,P009,123,455
2025-04-12,P010,65,235
2025-04-13,P001,116,762
2025-04-13,P002,96,395
2025-04-13,P003,166,743
2025-04-13,P004,81,455
2025-04-13,P005,106,604
2025-04-13,P006,67,383
2025-04-13,P007,127,409
2025-04-13,P008,93,516
2025-04-13,P009,100,506
2025-04-13,P010,57,272
2025-04-14,P001,114,454
2025-04-14,P002,97,511
2025-04-14,P003,146,743
2025-04-14,P004,94,555
2025-04-14,P005,108,702
2025-04-14,P006,68,298
2025-04-14,P007,147,748
2025-04-14,P008,88,317
2025-04-14,P009,90,611
2025-04-14,P010,54,185
2025-04-15,P001,115,626
2025-04-15,P002,89,391
2025-04-15,P003,145,884
2025-04-15,P004,82,327
2025-04-15,P005,116,803
2025-04-15,P006,66,228
2025-04-15,P007,136,844
2025-04-15,P008,85,257
2025-04-15,P009,106,678
2025-04-15,P010,63,290
2025-04-16,P001,125,774
2025-04-16,P002,95,433
2025-04-16,P003,157,1075
2025-04-16,P004,71,214
2025-04-16,P005,93,406
2025-04-16,P006,66,369
2025-04-16,P007,135,488
2025-04-16,P008,87,455
2025-04-16,P009,101,489
2025-04-16,P010,62,357
2025-04-17,P001,105,564
2025-04-17,P002,88,514
2025-04-17,P003,133,515
2025-04-17,P004,71,350
2025-04-17,P005,108,527
2025-04-17,P006,66,216
2025-04-17,P007,114,535
2025-04-17,P008,86,493
2025-04-17,P009,110,569
2025-04-17,P010,66,441
2025-04-18,P001,105,333
2025-04-18,P002,99,398
2025-04-18,P003,137,625
2025-04-18,P004,81,436
2025-04-18,P005,111,557
2025-04-18,P006,60,402
2025-04-18,P007,115,385
2025-04-18,P008,91,431
2025-04-18,P009,110,415
2025-04-18,P010,51,346
2025-04-19,P001,117,586
2025-04-19,P002,102,437
2025-04-19,P003,129,664
2025-04-19,P004,75,392
2025-04-19,P005,105,558
2025-04-19,P006,71,266
2025-04-19,P007,135,706
2025-04-19,P008,88,395
2025-04-19,P009,107,647
2025-04-19,P010,67,268
2025-04-20,P001,94,494
2025-04-20,P002,83,329
2025-04-20,P003,138,568
2025-04-20,P004,71,396
2025-04-20,P005,83,288
2025-04-20,P006,54,227
2025-04-20,P007,110,524
2025-04-20,P008,75,435
2025-04-20,P009,90,339
2025-04-20,P010,52,259
2025-04-21,P001,123,785
2025-04-21,P002,87,538
2025-04-21,P003,136,761
2025-04-21,P004,80,385
2025-04-21,P005,91,591
2025-04-21,P006,60,371
2025-04-21,P007,133,643
2025-04-21,P008,85,353
2025-04-21,P009,93,518
2025-04-21,P010,56,180
2025-04-22,P001,105,614
2025-04-22,P002,94,509
2025-04-22,P003,131,790
2025-04-22,P004,71,376
2025-04-22,P005,90,583
2025-04-22,P006,64,221
2025-04-22,P007,124,514
2025-04-22,P008,77,353
2025-04-22,P009,96,370
2025-04-22,P010,49,165
2025-04-23,P001,116,529
2025-04-23,P002,81,474
2025-04-23,P003,130,504
2025-04-23,P004,71,311
2025-04-23,P005,98,330
2025-04-23,P006,58,250
2025-04-23,P007,100,702
2025-04-23,P008,67,391
2025-04-23,P009,96,433
2025-04-23,P010,50,242
2025-04-24,P001,110,478
2025-04-24,P002,89,538
2025-04-24,P003,132,560
2025-04-24,P004,75,243
2025-04-24,P005,72,309
2025-04-24,P006,66,168
2025-04-24,P007,134,787
2025-04-24,P008,78,329
2025-04-24,P009,83,390
2025-04-24,P010,61,215
2025-04-25,P001,103,665
2025-04-25,P002,90,401
2025-04-25,P003,128,686
2025-04-25,P004,81,523
2025-04-25,P005,97,541
2025-04-25,P006,76,282
2025-04-25,P007,140,927
2025-04-25,P008,85,382
2025-04-25,P009,89,324
2025-04-25,P010,64,271
2025-04-26,P001,120,733
2025-04-26,P002,105,384
2025-04-26,P003,136,761
2025-04-26,P004,82,296
2025-04-26,P005,116,537
2025-04-26,P006,74,460
2025-04-26,P007,141,746
2025-04-26,P008,95,366
2025-04-26,P009,94,536
2025-04-26,P010,55,231
2025-04-27,P001,110,626
2025-04-27,P002,83,437
2025-04-27,P003,129,376
2025-04-27,P004,70,238
2025-04-27,P005,89,534
2025-04-27,P006,59,289
2025-04-27,P007,122,671
2025-04-27,P008,75,283
2025-04-27,P009,80,542
2025-04-27,P010,48,260
2025-04-28,P001,116,575
2025-04-28,P002,91,509
2025-04-28,P003,147,651
2025-04-28,P004,80,387
2025-04-28,P005,103,588
2025-04-28,P006,73,328
2025-04-28,P007,119,435
2025-04-28,P008,80,388
2025-04-28,P009,107,441
2025-04-28,P010,51,150
2025-04-29,P001,128,821
2025-04-29,P002,97,475
2025-04-29,P003,120,674
2025-04-29,P004,69,237
2025-04-29,P005,102,400
2025-04-29,P006,68,357
2025-04-29,P007,145,663
2025-04-29,P008,82,387
2025-04-29,P009,93,408
2025-04-29,P010,54,296
2025-04-30,P001,131,797
2025-04-30,P002,95,584
2025-04-30,P003,136,504
2025-04-30,P004,77,343
2025-04-30,P005,107,431
2025-04-30,P006,84,405
2025-04-30,P007,137,667
2025-04-30,P008,95,515
2025-04-30,P009,105,561
2025-04-30,P010,56,256
